,Temperature_Avg_C,Humidity_pct,Rainfall_mm,Wind_Speed_kmh,AQI,Pressure_hPa,Cloud_Cover_pct
Temperature_Avg_C,1.0,0.0038048321151425294,-0.021346340679526416,-0.01887361687095427,0.01175204333615325,-0.004186865595631698,-0.0031145790079326174
Humidity_pct,0.0038048321151425294,1.0,-0.003824663963299826,-0.0054911297079630605,-0.008198371244852058,0.0007354475363696821,0.029091667263797368
Rainfall_mm,-0.021346340679526416,-0.003824663963299826,1.0,-0.011684747748028053,0.0024852577913962184,0.0006279863285433865,0.007831848908984307
Wind_Speed_kmh,-0.01887361687095427,-0.0054911297079630605,-0.011684747748028053,1.0,-0.010814665799976303,0.005127987363268351,-0.00982240522121532
AQI,0.01175204333615325,-0.008198371244852058,0.0024852577913962184,-0.010814665799976303,1.0,-0.004520657426065144,-0.0063735929445775915
Pressure_hPa,-0.004186865595631698,0.0007354475363696821,0.0006279863285433865,0.005127987363268351,-0.004520657426065144,1.0,-0.002017039273978841
Cloud_Cover_pct,-0.0031145790079326174,0.029091667263797368,0.007831848908984307,-0.00982240522121532,-0.0063735929445775915,-0.002017039273978841,1.0
